,XmacGene
1,gene3191
2,gene16061
3,gene18691
4,gene17296
5,gene6450
6,gene17719
7,gene17726
8,gene1203
9,gene4840
10,gene18741
11,gene22174
12,gene904
13,gene15369
14,gene9212
15,gene25134
16,gene10540
17,gene18047
18,gene4146
19,gene13677
20,gene11481
21,gene17066
22,gene10851
23,gene9214
24,gene1270
25,gene11030
26,gene26729
27,gene628
28,gene3244
29,gene25279
30,gene12829
31,gene16512
32,gene22502
33,gene9211
34,gene14174
35,gene14737
36,gene13118
37,gene9721
38,gene10562
39,gene6028
40,gene23425
41,gene23627
42,gene12392
43,gene14131
44,gene6719
45,gene21329
46,gene18549
47,gene1654
48,gene11954
49,gene13715
50,gene20375
51,gene22675
52,gene14178
53,gene9644
54,gene9438
55,gene470
56,gene6182
57,gene19288
58,gene1708
59,gene24927
60,gene11480
61,gene13421
62,gene15509
63,gene4755
64,gene18667
65,gene10060
66,gene25705
67,gene2867
68,gene14408
69,gene24598
70,gene26941
71,gene4564
72,gene1926
73,gene205
74,gene21164
75,gene9847
76,gene20131
77,gene26456
78,gene16038
79,gene23757
80,gene22563
81,gene1245
82,gene9370
83,gene25853
84,gene25608
85,gene5215
86,gene22647
87,gene23510
88,gene11254
89,gene21560
90,gene25753
91,gene10612
92,gene20130
93,gene5179
94,gene25387
95,gene11945
96,gene13966
97,gene24405
98,gene18205
99,gene9866
100,gene6716
101,gene2917
102,gene20608
103,gene7401
104,gene14334
105,gene17779
106,STRG.21834
107,gene15169
108,gene20457
109,gene21739
110,gene6743
111,gene2451
112,gene11699
113,gene5066
114,gene19711
115,gene1965
116,gene20799
117,gene7233
118,gene21525
119,gene11942
120,gene3743
121,gene18696
122,gene15214
123,gene20364
124,gene7437
125,gene2673
126,gene24184
127,gene16223
128,gene13600
129,gene26964
130,gene24912
131,gene14381
132,gene13608
133,gene10664
134,gene14341
135,gene20859
136,gene10382
137,gene12688
138,gene10323
139,gene18503
140,gene9722
141,gene11382
142,gene18469
143,gene21862
144,gene13194
145,gene15043
146,gene8333
147,gene3543
148,gene6783
149,gene24044
150,gene8013
151,gene26620
152,gene12995
153,gene13366
154,gene14022
155,gene7430
156,gene1316
157,gene21356
158,gene14294
159,gene16787
160,gene24050
161,gene8494
162,gene3388
163,gene24777
164,gene21481
165,gene2990
166,gene14039
167,gene19939
168,gene17016
169,gene18505
170,gene16079
171,gene17485
172,gene18673
173,gene22360
174,gene21354
175,gene13787
176,gene22512
177,gene11559
178,gene15473
179,gene3556
180,gene23435
181,gene20577
182,gene3441
183,gene5151
184,gene9496
185,gene15219
186,gene24881
187,gene437
188,gene26745
189,gene8690
190,gene22302
191,gene17941
192,gene13237
193,gene10726
194,gene22458
195,gene4827
196,gene18099
197,gene1461
198,gene19502
199,gene13562
200,gene18436
201,gene764
202,gene11528
203,gene27242
204,gene18547
205,gene7033
206,gene3597
207,gene19463
208,gene11730
209,gene684
210,gene21949
211,gene3126
212,gene20641
213,gene24694
214,gene16798
215,gene9824
216,gene4651
217,gene20406
218,gene11562
219,gene1742
220,gene14133
221,gene4115
222,gene22495
223,gene17404
224,gene23230
225,gene10577
226,gene19614
227,gene22804
228,gene10173
229,gene19358
230,gene24751
231,gene24787
232,gene19189
233,gene16412
234,gene13566
235,gene11900
236,gene17238
237,gene1438
238,gene10718
239,gene16077
240,gene3259
241,gene12672
242,gene5746
243,gene4283
244,gene14389
245,gene17242
246,gene19264
247,gene12763
248,gene16046
249,gene10363
250,gene10894
251,gene6654
252,gene24770
253,gene24577
254,gene14891
255,gene27245
256,gene18165
257,gene27248
258,gene5313
259,gene11536
260,gene21124
261,gene20588
262,gene8008
263,gene16122
264,gene10637
265,gene17336
266,gene18364
267,gene10093
268,gene19274
269,gene3661
270,gene19581
271,gene4173
272,gene13362
273,gene24097
274,gene11086
275,gene13320
276,gene12160
277,gene3877
278,gene2927
279,gene24299
280,gene21763
281,gene15512
282,gene17294
283,gene20973
284,gene5021
285,gene19423
286,gene1598
287,gene1520
288,gene20262
289,gene19985
290,gene16177
291,gene943
292,gene22777
293,gene11907
294,gene8592
295,gene16427
296,gene22262
297,gene12179
298,gene6775
299,gene9587
300,gene9488
301,gene16942
302,gene14182
303,gene8618
304,gene6934
305,gene14236
306,gene13675
307,gene21786
308,gene25384
309,gene460
310,gene8596
311,gene13820
312,gene21396
313,gene21236
314,gene19771
315,gene8121
316,gene3443
317,gene19664
318,gene20445
319,gene20638
320,gene15356
321,gene13147
322,gene25250
323,gene36
324,gene9163
325,gene10365
326,gene18879
327,gene23284
328,gene17777
329,gene13427
330,gene16455
331,gene19611
332,gene24419
333,gene1848
334,gene1880
335,gene18007
336,gene17499
337,gene19301
338,gene1835
339,gene16297
340,gene6263
341,gene19295
342,gene8156
343,gene13593
344,gene6072
345,gene14401
346,gene11885
347,gene20889
348,gene6822
349,gene21696
350,gene8464
351,gene8835
352,gene8003
353,gene18360
354,gene8305
355,gene13611
356,gene9966
357,gene4125
358,gene19140
359,gene7766
360,gene743
361,gene25265
362,gene3513
363,gene17533
364,gene22291
365,gene14353
366,gene5502
367,gene3387
368,gene12641
369,gene21876
370,gene16266
371,gene24440
372,gene24446
373,gene24672
374,gene15684
375,gene1775
376,gene18528
377,gene16176
378,gene362
379,gene7041
380,gene3557
381,gene1678
382,gene15155
383,gene9179
384,gene22900
385,gene1798
386,gene24816
387,gene13902
388,gene13311
389,gene24960
390,gene6173
391,gene4632
392,gene7053
393,gene3864
394,gene9708
395,gene23290
396,gene13897
397,gene6572
398,gene16029
399,gene10073
400,gene6774
401,gene25593
402,gene21355
403,gene1836
404,gene9307
405,gene20489
406,gene5613
407,gene2395
408,gene24750
409,gene398
410,gene24764
411,gene13460
412,gene20127
413,gene5966
414,gene10266
415,gene955
416,gene13149
417,gene4062
418,gene19996
419,gene24664
420,gene24922
421,gene10252
422,gene797
423,gene20770
424,gene23725
425,gene25974
426,gene22565
427,gene3365
428,gene18234
429,gene25362
430,gene5979
431,gene10276
432,gene3705
433,gene21725
434,gene11077
435,gene17422
436,gene1324
437,gene10228
438,gene10195
439,gene8505
440,gene20460
441,gene9134
442,gene27132
443,gene23459
444,gene17685
445,gene10636
446,gene17703
447,gene6429
448,gene1702
449,gene20191
450,gene17762
451,gene17516
452,gene8210
453,gene4530
454,gene169
455,gene24344
456,gene5856
457,gene19981
458,gene18577
459,gene15370
460,gene9562
461,gene6506
462,gene1928
463,gene23659
464,gene18270
465,gene605
466,gene11188
467,gene26932
468,gene21232
469,gene944
470,gene3107
471,gene6299
472,gene13103
473,gene26483
474,gene22531
475,gene18747
476,gene23453
477,gene12894
478,gene8771
479,gene26969
480,gene19107
481,gene11718
482,gene23545
483,gene160
484,gene13233
485,gene23655
486,gene8007
487,gene10511
488,gene4953
489,gene24462
490,gene733
491,gene22185
492,gene24455
493,gene2432
494,gene22717
495,gene3663
496,gene24030
497,gene1607
498,gene23019
499,gene2306
500,gene26454
501,gene10007
502,gene22812
503,gene6304
504,gene9955
505,gene17872
506,gene15182
507,gene25976
508,gene1725
509,gene10348
510,gene15495
511,gene2840
512,gene7615
513,gene3521
514,gene24642
515,gene9136
516,gene15108
517,gene20706
518,gene22895
519,gene9704
520,gene8192
521,gene10338
522,gene10188
523,gene5244
524,gene19195
525,gene13829
526,gene1652
527,gene10139
528,gene5234
529,gene16018
530,gene6820
531,gene22141
532,gene21046
533,gene20486
534,gene18898
535,gene22822
536,gene2976
537,gene26688
538,gene21323
539,gene5286
540,gene22446
541,gene15176
542,gene1194
543,gene2920
544,gene4865
545,gene5193
546,gene23464
547,gene17806
548,gene13627
549,gene14995
550,gene7211
551,gene24624
552,gene383
553,gene22622
554,gene17432
555,gene12073
556,gene6288
557,gene12875
558,gene7439
559,gene18722
560,gene13552
561,gene10924
562,gene15469
563,gene18822
564,gene23558
565,gene8827
566,gene18966
567,gene9954
568,gene5538
569,gene24309
570,gene4049
571,gene6621
572,gene9466
573,gene12768
574,gene606
575,gene4915
576,gene10121
577,gene13801
578,gene1180
579,gene20510
580,gene18916
581,gene5109
582,gene6652
583,gene9485
584,gene2422
585,gene3819
586,gene673
587,gene7113
588,gene15286
589,gene19035
590,gene20302
591,gene21267
592,gene13220
593,gene5140
594,gene24622
595,gene14210
596,gene3349
597,gene17306
598,gene3379
599,gene23640
600,gene15204
601,gene6529
602,gene19109
603,gene3124
604,gene14234
605,gene20028
606,gene5890
607,gene12508
608,gene24782
609,gene20983
610,gene262
611,gene12510
612,gene12214
613,gene24212
614,gene24191
615,gene14349
616,gene2971
617,gene11970
618,gene1208
619,gene27254
620,gene18649
621,gene14020
622,gene6198
623,gene24458
624,gene6588
625,gene11473
626,gene8365
627,gene23977
628,gene17840
629,gene1669
630,gene5712
631,gene13161
632,gene24213
633,gene12764
634,gene254
635,gene15792
636,gene19850
637,gene9549
638,gene25385
639,gene17648
640,gene20360
641,gene14119
642,gene19843
643,gene13558
644,gene12304
645,gene22690
646,gene22322
647,gene19141
648,gene26857
649,gene12743
650,gene13791
651,gene7062
652,gene11640
653,gene19545
654,gene12021
655,gene16126
656,gene22764
657,gene5987
658,gene18736
659,gene11336
660,gene27253
661,gene23499
662,gene8735
663,gene21165
664,gene19980
665,gene7866
666,gene14955
667,gene20327
668,gene26889
669,gene13885
670,gene4343
671,gene10384
672,gene21157
673,gene26449
674,gene26383
675,gene15102
676,gene59
677,gene10349
678,gene15839
679,gene40
680,gene12593
681,gene6571
682,gene19410
683,gene1485
684,gene9622
685,gene14959
686,gene17076
687,gene6630
688,gene251
689,gene10366
690,gene11832
691,gene12228
692,gene22094
693,gene14371
694,gene15611
695,gene17508
696,gene17317
697,gene6383
698,gene6027
699,gene8419
700,gene1444
701,gene21955
702,gene12811
703,gene25891
704,gene4398
705,gene5316
706,gene21103
707,gene22060
708,gene25895
709,gene15581
710,gene9111
711,gene17011
712,gene716
713,gene11586
714,gene3870
715,gene7101
716,gene11905
717,gene17230
718,gene5633
719,gene13863
720,gene10279
721,gene18676
722,gene25652
723,gene8877
724,gene13743
725,gene23990
726,gene1327
727,gene13910
728,gene22361
729,gene25099
730,gene10770
731,gene6543
732,gene16183
733,gene4757
734,gene4900
735,gene12888
736,gene21235
737,gene7891
738,gene20953
739,gene13041
740,gene14325
741,gene4650
742,gene17481
743,gene26270
744,gene22661
745,gene5718
746,gene24631
747,gene26414
748,gene6548
749,gene1752
750,gene4933
751,gene13748
752,gene20187
753,gene25921
754,gene22847
755,gene8587
756,gene26017
757,gene12713
758,gene9246
759,gene10733
760,gene24652
761,gene10734
762,gene5922
763,gene971
764,gene7804
765,gene17232
766,gene3858
767,gene25251
768,gene16154
769,gene26396
770,gene23040
771,gene22814
772,gene3028
773,gene683
774,gene21047
775,gene8972
776,gene24479
777,gene6316
778,gene19390
779,gene22574
780,gene12910
781,gene10216
782,gene24110
783,gene5096
784,gene14094
785,gene25540
786,gene17162
787,gene5769
788,gene14268
789,gene21943
790,gene12648
791,gene20271
792,gene9764
793,gene9358
794,gene25768
795,gene2921
796,gene7781
797,gene20623
798,gene11048
799,gene6782
800,gene18795
801,gene17666
802,gene19513
803,gene5648
804,gene18463
805,gene1881
806,gene17562
807,gene22730
808,gene15042
809,gene23981
810,gene19657
811,gene14206
812,gene8446
813,gene10373
814,gene15308
815,gene24932
816,gene5292
817,gene26482
818,gene25609
819,gene11614
820,gene26926
821,gene21380
822,gene18025
823,gene22477
824,gene5920
825,gene14589
826,gene21181
827,gene8041
828,gene24437
829,gene15586
830,gene18845
831,gene23527
832,gene12851
833,gene17831
834,gene12596
835,gene20129
836,gene9800
837,gene14052
838,gene20362
839,gene7082
840,gene8344
841,gene3990
842,gene22618
843,gene10614
844,gene8208
845,gene18972
846,gene21168
847,gene110
848,gene15186
849,gene8616
850,gene5628
851,gene20850
852,gene93
853,gene8812
854,gene6492
855,gene23321
856,gene12142
857,gene3886
858,gene22319
859,gene3396
860,gene13990
861,gene23351
862,gene4579
863,gene26420
864,gene14013
865,gene917
866,gene652
867,gene13548
868,gene10653
869,gene4306
870,gene6768
871,gene810
872,gene21989
873,gene4229
874,gene15152
875,gene26830
876,gene4886
877,gene12710
878,gene22912
879,gene22134
880,gene21542
881,gene22978
882,gene17515
883,gene19946
884,gene7175
885,gene26491
886,gene6694
887,gene10000
888,gene8872
889,gene15441
890,gene484
891,gene7282
892,gene18162
893,gene21919
894,gene20902
895,gene14226
896,gene14363
897,gene26554
898,gene16425
899,gene26481
900,gene2416
901,gene13163
902,gene8786
903,gene2452
904,gene18140
905,gene18394
906,gene18803
907,gene19692
908,gene10668
909,gene425
910,gene417
911,gene4418
912,gene21233
913,gene19979
914,gene13467
915,gene6617
916,gene1489
917,gene24957
918,gene7868
919,gene1318
920,gene19588
921,gene21997
922,gene5062
923,gene11612
924,gene10673
925,gene14304
926,gene8369
927,gene18557
928,gene19121
929,gene11275
930,gene8832
931,gene5921
932,gene7071
933,gene12553
934,gene21353
935,gene2051
936,gene3508
937,gene282
938,gene1496
939,gene14804
940,gene7803
941,gene17443
942,gene25650
943,gene2058
944,gene9896
945,gene15995
946,gene25834
947,gene15523
948,gene10372
949,gene21795
950,gene25869
951,gene12468
952,gene19375
953,gene20363
954,gene1054
955,gene1066
956,gene13351
957,gene1434
958,gene19516
959,gene20648
960,gene26715
961,gene11102
962,gene7133
963,gene315
964,gene25301
965,gene21748
966,gene22725
967,gene10954
968,gene11977
969,gene17658
970,gene10278
971,gene24504
972,gene21479
973,gene12115
1,gene4856
2,gene17926
3,gene3738
4,gene13398
5,gene24793
6,gene18471
7,gene18296
8,gene14849
9,gene4703
10,gene4695
11,gene10057
12,gene16259
13,gene8120
14,gene21719
15,gene26962
16,gene15989
17,gene7879
18,gene14845
19,gene18389
20,gene21868
21,gene18526
22,gene16257
23,gene18702
24,gene26721
25,gene8106
26,gene15821
27,gene21140
28,gene17878
29,gene24385
30,gene15716
31,gene20276
32,gene16034
33,gene18604
34,gene18610
35,gene10528
36,gene15347
37,gene9150
38,gene7100
39,gene15819
40,gene3276
41,gene2885
42,gene18701
43,gene3226
44,gene16205
45,gene17886
46,gene76
47,gene16194
48,gene21138
49,gene8636
50,gene26694
51,gene720
52,gene1219
53,gene22232
54,gene1050
55,gene1962
56,gene10548
57,gene12759
58,gene18653
59,gene9390
60,gene10125
61,gene655
62,gene16260
63,gene5474
64,gene11021
65,gene4858
66,gene3136
67,gene23799
68,gene7068
69,gene22071
70,gene4547
71,gene25444
72,gene24738
73,gene8664
74,gene24991
75,gene108
76,gene10206
77,gene15758
78,gene22024
79,gene20134
80,gene17857
81,gene8865
82,gene16242
83,gene9243
84,gene7947
85,gene18040
86,gene24669
87,gene22212
88,gene1239
89,gene26493
90,gene13623
91,gene17927
92,gene12850
93,gene2953
94,gene17465
95,gene23397
96,gene23368
97,gene20812
98,gene11041
99,gene22505
100,gene18784
101,gene7360
102,gene12419
103,gene20580
104,gene10235
105,gene748
106,gene16256
107,gene1355
108,gene12662
109,gene18874
110,gene20917
111,gene24792
112,gene1125
113,gene22928
114,gene18565
115,gene21817
116,gene7393
117,gene6871
118,gene14866
119,gene18693
120,gene27015
121,gene15927
122,gene25361
123,gene15257
124,gene5098
125,gene27186
126,gene26789
127,gene15564
128,gene15775
129,gene5780
130,gene17054
131,gene15721
132,gene15928
133,gene12183
134,gene17925
135,gene296
136,gene8701
137,gene18183
138,gene535
139,gene17581
140,gene26869
141,gene6712
142,gene17799
143,gene5237
144,gene22222
145,gene17125
146,gene7129
147,gene5792
148,gene19847
149,gene3790
150,gene8651
151,gene17525
152,gene612
153,gene17973
154,gene8986
155,gene9454
156,gene3082
157,gene7613
158,gene9253
159,gene10743
160,gene26904
161,gene20719
162,gene9323
163,gene23295
164,gene17042
165,gene6704
166,gene9032
167,gene8635
168,gene19796
169,gene17044
170,gene16058
171,gene5901
172,gene18045
173,gene16675
174,gene16664
175,gene26367
176,gene8243
177,gene19414
178,gene16362
179,gene13812
180,gene10165
181,gene4169
182,gene9978
183,gene22135
184,gene13313
185,gene26832
186,gene10368
187,gene466
188,gene15722
189,gene12135
190,gene3102
191,gene14435
192,gene19865
193,gene5036
194,gene14515
195,gene12594
196,gene12198
197,gene5623
198,gene421
199,gene5899
200,gene18454
201,gene16773
202,gene17644
203,gene24398
204,gene11152
205,gene24225
206,gene8132
207,gene7386
208,gene25606
209,gene5475
210,gene13024
211,gene17578
212,gene853
213,gene17801
214,gene9268
215,gene9081
216,gene16371
217,gene12384
218,gene22629
219,gene24799
220,gene14896
221,gene9999
222,gene11503
223,gene12028
224,gene1446
225,gene5024
226,gene20208
227,gene22269
228,gene25908
229,gene18414
230,gene10837
231,gene2764
232,gene17339
233,gene7169
234,gene3069
235,gene3087
236,gene14108
237,gene1512
238,gene25399
239,gene14146
240,gene13355
241,gene6123
242,gene19945
243,gene26902
244,gene20502
245,gene9128
246,gene12883
247,gene4162
248,gene19976
249,gene11554
250,gene4577
251,gene18073
252,gene5478
253,gene20067
254,gene528
255,gene19303
256,gene25314
257,gene3531
258,gene5121
259,gene12661
260,gene23638
261,gene5203
262,gene13181
263,gene20144
264,gene11558
265,gene13014
266,gene23710
267,gene22974
268,gene8286
269,gene15759
270,gene15823
271,gene17172
272,gene7647
273,gene6074
274,gene24518
275,gene17122
276,gene16774
277,gene16355
278,gene13890
279,gene14459
280,gene1212
281,gene20376
282,gene6940
283,gene13822
284,gene4701
285,gene26861
286,gene8436
287,gene6594
288,gene9058
289,gene25549
290,gene9290
291,gene16851
292,gene3524
293,gene6062
294,gene490
295,gene22
296,gene13363
297,gene15746
298,gene568
299,gene3133
300,gene19852
301,gene14043
302,gene18527
303,gene24389
304,gene17771
305,gene11589
306,gene5190
307,gene5240
308,gene8642
309,gene11075
310,gene19691
311,gene19544
312,gene8968
313,gene16922
314,gene24197
315,gene2972
316,gene24131
317,gene11162
318,gene3280
319,gene26788
320,gene994
321,gene25541
322,gene25718
323,gene26903
324,gene6591
325,gene8285
326,gene3188
327,gene18451
328,gene5540
329,gene22186
330,gene13020
331,gene26888
332,gene26676
333,gene14296
334,gene333
335,gene21094
336,gene1164
337,gene16944
338,gene14035
339,gene17215
340,gene20918
341,gene5188
342,gene1911
343,gene20059
344,gene18435
345,gene8774
346,gene21851
347,gene9491
348,gene10713
349,gene26787
350,gene24775
351,gene16508
352,gene12111
353,gene11270
354,gene16573
355,gene17398
356,gene15755
357,gene23517
358,gene18703
359,gene22632
360,gene19649
361,gene11087
362,gene2970
363,gene4565
364,gene13886
365,gene11598
366,gene8209
367,gene14873
368,gene8506
369,gene4511
370,gene4122
371,gene8665
372,gene16947
373,gene14457
374,gene1907
375,gene26625
376,gene4972
377,gene6475
378,gene22166
379,gene26769
380,gene20403
381,gene5753
382,gene25121
383,gene7171
384,gene3736
385,gene19761
386,gene12095
387,gene9056
388,gene5054
389,gene597
390,gene3407
391,gene10388
392,gene5415
393,gene784
394,gene18858
395,gene7483
396,gene11400
397,gene19056
398,gene26698
399,gene16450
400,gene21052
401,gene19526
402,gene17654
403,gene26626
404,gene1291
405,gene11388
406,gene12010
407,gene21282
408,gene13302
409,gene17403
410,gene25644
411,gene2114
412,gene16536
413,gene16735
414,gene10693
415,gene9064
416,gene11573
417,gene18760
418,gene9059
419,gene3058
420,gene25426
421,gene1650
422,gene1511
423,gene17064
424,gene16438
425,gene433
426,gene5619
427,gene13462
428,gene13080
429,gene17552
430,gene20184
431,gene9675
432,gene10161
433,gene6493
434,gene2005
435,gene16215
436,gene8211
437,gene25844
438,gene21228
439,gene15218
440,gene10166
441,gene19884
442,gene9053
443,gene8702
444,gene15051
445,gene4763
446,gene19508
447,gene26368
448,gene25687
449,gene21720
450,gene3320
451,gene21205
452,gene1458
453,gene14466
454,gene19580
455,gene23352
456,gene21509
457,gene21548
458,gene9442
459,gene2883
460,gene22046
461,gene25804
462,gene26002
463,gene13023
464,gene22559
465,gene3348
466,gene25862
467,gene12406
468,gene3615
469,gene19957
470,gene10095
471,gene26709
472,gene27226
473,gene11988
474,gene9015
475,gene3709
476,gene20284
477,gene19648
478,gene921
479,gene11312
480,gene6992
481,gene13541
482,gene9107
483,gene22430
484,gene9697
485,gene17728
486,gene12017
487,gene963
488,gene21830
489,gene13378
490,gene6821
491,gene1193
492,gene26951
493,gene15984
494,gene24492
495,gene20151
496,gene6195
497,gene24842
498,gene26653
499,gene9987
500,gene5459
501,gene12194
502,gene8632
503,gene19679
504,gene21230
505,gene9057
506,gene6036
507,gene39
508,gene11471
509,gene8525
510,gene9068
511,gene25907
512,gene22329
513,gene9048
514,gene4177
515,gene20605
516,gene24032
517,gene25604
518,gene16299
519,gene22041
520,gene23697
521,gene3302
522,gene3160
523,gene19973
524,gene25928
525,gene12526
526,gene13347
527,gene7630
528,gene903
529,gene9051
530,gene21849
531,gene11210
532,gene13711
533,gene419
534,gene6431
535,gene26673
536,gene20666
537,gene25723
538,gene24720
539,gene4123
540,gene6292
541,gene19157
542,gene8981
543,gene16298
544,gene1576
545,gene22213
546,gene11967
547,gene5943
548,gene23641
549,gene25735
550,gene15798
551,gene12922
552,gene21585
553,gene18006
554,gene10225
555,gene27210
556,gene26784
557,gene24031
558,gene19927
559,gene874
560,gene14728
561,gene2951
562,gene22239
563,gene9331
564,gene13404
565,gene7213
566,gene7007
567,gene9049
568,gene9133
569,gene13838
570,gene15216
571,gene7443
572,gene26794
573,gene21021
574,gene15991
575,gene15774
576,gene14373
577,gene4242
578,gene7610
579,gene11976
580,gene8858
581,gene11811
582,gene11163
583,gene15205
584,gene24088
585,gene11164
586,gene24393
587,gene9007
588,gene9320
589,gene25813
590,gene21342
591,gene21869
592,gene3019
593,gene14727
594,gene15903
595,gene25427
596,gene18619
597,gene9038
598,gene16421
599,gene5336
600,gene9065
601,gene11029
602,gene12660
603,gene6203
604,gene16354
605,gene23457
606,gene26840
607,gene2387
608,gene6151
609,gene15439
610,gene26434
611,gene2888
612,gene9105
613,gene20392
614,gene3620
615,gene14934
616,gene5874
617,gene10375
618,gene6122
619,gene15243
620,gene13406
621,gene17924
622,gene5816
623,gene24160
624,gene3203
625,gene15895
626,gene17012
627,gene6245
628,gene14558
629,gene633
630,gene5266
631,gene1841
632,gene9060
633,gene15734
634,gene5939
635,gene21006
636,gene26942
637,gene4687
638,gene17116
639,gene26678
640,gene11441
641,gene14218
642,gene26872
643,gene26356
644,gene12263
645,gene16978
646,gene19044
647,gene21518
648,gene4024
649,gene15804
650,gene19840
651,gene9548
652,gene9240
653,gene1011
654,gene11913
655,gene12645
656,gene20431
657,gene20097
658,gene22921
659,gene17198
660,gene16772
661,gene13770
662,gene18650
663,gene6247
664,gene15929
665,gene21618
666,gene25242
667,gene4802
668,gene9050
669,gene26323
670,gene16705
671,gene14451
672,gene9062
673,gene16559
674,gene5071
675,gene10928
676,gene26728
677,gene16700
678,gene8569
679,gene9006
680,gene17391
681,gene13270
682,gene11114
683,gene5909
684,gene6030
685,gene7172
686,gene22929
687,gene9054
688,gene21273
689,gene3155
690,gene19209
691,gene1083
692,gene20334
693,gene11588
694,gene21301
695,gene25324
696,gene16042
697,gene25938
698,gene5022
699,gene969
700,gene7780
701,gene19680
702,gene15767
703,gene641
704,gene15717
705,gene9385
706,gene21123
707,gene14894
708,gene8634
709,gene13725
710,gene25894
711,gene19627
712,gene20408
713,gene1975
714,gene17263
715,gene22223
716,gene4540
717,gene13156
718,gene1015
719,gene834
720,gene21010
721,gene16904
722,gene13554
723,gene9351
724,gene4989
725,gene7671
726,gene25347
727,gene18433
728,gene21554
729,gene26896
730,gene17769
731,gene24312
732,gene24982
733,gene16804
734,gene25258
735,gene18780
736,gene20416
737,gene22330
738,gene15934
739,gene10860
740,gene18805
741,gene24892
742,gene7190
743,gene6681
744,gene7021
745,gene4806
746,gene9031
747,gene5059
748,gene15730
749,gene26697
750,gene984
751,gene9959
752,gene6896
753,gene24402
754,gene16250
755,gene20359
756,gene11466
757,gene18870
758,gene11106
759,gene6261
760,gene25707
761,gene9061
762,gene15766
763,gene19913
764,gene12204
765,gene24231
766,gene12348
767,gene13438
768,gene18398
769,gene10013
770,gene6120
771,gene19150
772,gene1139
773,gene24355
774,gene25313
775,gene2954
776,gene24841
777,gene2878
778,gene14047
779,gene18323
780,gene24994
781,gene13176
782,gene18569
783,gene13186
784,gene19180
785,gene6338
786,gene15172
787,gene11518
788,gene18975
789,gene21379
790,gene6949
791,gene12175
792,gene16358
793,gene3104
794,gene4134
795,gene24265
796,gene6855
797,gene9063
798,gene3806
799,gene9742
800,gene8152
801,gene1538
802,gene5791
803,gene3088
804,gene264
805,gene26827
806,gene18566
807,gene10015
808,gene17661
809,gene15492
810,gene23381
811,gene22325
812,gene8713
813,gene14392
814,gene19589
815,gene11058
816,gene26876
817,gene23529
818,gene6856
819,gene22318
820,gene10194
821,gene19647
822,gene9739
823,gene6398
824,gene25293
825,gene24092
826,gene16082
827,gene4164
828,gene22370
829,gene11923
830,gene12705
831,gene26855
832,gene20346
833,gene7990
834,gene7673
835,gene15519
836,gene14407
837,gene3369
838,gene19230
839,gene24768
840,gene5736
841,gene15742
842,gene20452
843,gene22256
844,gene6353
845,gene24930
846,gene1816
847,gene6852
848,gene2830
849,gene12266
850,gene7655
851,gene25241
852,gene16764
853,gene13243
854,gene24461
855,gene11604
856,gene26866
857,gene2701
858,gene10174
859,gene4413
860,gene4057
861,gene9591
862,gene1648
863,gene22593
864,gene15976
865,gene2398
866,gene11287
867,gene6121
868,gene4171
869,gene1047
870,gene15064
871,gene21398
872,gene3673
873,gene6641
874,gene20951
875,gene747
876,gene3532
877,gene9019
878,gene5952
879,gene5103
880,gene20124
881,gene25079
882,gene4135
883,gene1312
884,gene23677
885,gene23614
886,gene9017
887,gene16694
888,gene10035
889,gene11271
890,gene10238
891,gene20615
892,gene24953
893,gene13655
894,gene20432
895,gene20499
896,gene8643
897,gene22331
898,gene7289
899,gene20972
900,gene16701
901,gene16614
902,gene25552
903,gene23380
904,gene8425
905,gene6861
906,gene8804
907,gene12136
908,gene22651
909,gene15739
910,gene1785
911,gene14969
912,gene1824
913,gene13755
914,gene13556
915,gene20153
916,gene14968
917,gene15034
918,gene4485
919,gene20669
920,gene15765
921,gene3211
922,gene9910
923,gene16690
924,gene667
925,gene10032
926,gene12914
927,gene6509
928,gene17464
929,gene27011
930,gene8866
931,gene1635
932,gene7487
933,gene21154
934,gene13138
935,gene7261
936,gene25807
937,gene10010
938,gene5750
939,gene24087
940,gene1305
941,gene12884
942,gene25073
943,gene20092
944,gene18616
945,gene14397
946,gene9020
947,gene21325
948,gene27155
949,gene22159
950,gene13111
951,gene9345
952,gene16495
953,gene16669
954,gene42
955,gene3047
956,gene22728
957,gene9500
958,gene21372
959,gene411
960,gene10541
961,gene12831
962,gene15802
963,gene26492
964,gene2057
965,gene16945
966,gene20942
967,gene769
968,gene17890
969,gene14568
970,gene219
971,gene23483
972,gene1838
973,gene17865
974,gene482
975,gene23586
976,gene13130
977,gene99
978,gene20950
979,gene12612
980,gene21780
981,gene22633
982,gene13807
983,gene465
984,gene389
985,gene5489
986,gene12049
987,gene8628
988,gene19248
989,gene15796
990,gene1138
991,gene14945
992,gene8040
993,gene20969
994,gene22672
995,gene9743
996,gene17681
997,gene11875
998,gene11669
999,gene6494
1000,gene25350
1001,gene10939
1002,gene400
1003,gene23370
1004,gene17917
1005,gene24633
1006,gene5477
1007,gene7639
1008,gene16345
1009,gene13894
1010,gene18717
1011,gene925
1012,gene12912
1013,gene24578
1014,gene22276
1015,gene725
1016,gene16610
1017,gene4968
1018,gene14897
1019,gene4034
1020,gene6466
1021,gene25810
1022,gene16696
1023,gene4144
1024,gene19467
1025,gene16958
1026,gene2687
1027,gene7484
1028,gene18030
1029,gene988
1030,gene2743
1031,gene3687
1032,gene12908
1033,gene11572
1034,gene7620
1035,gene22020
1036,gene11660
1037,gene2081
1038,gene9131
1039,gene2736
1040,gene8273
1041,gene8254
1042,gene3161
1043,gene16634
1044,gene11076
1045,gene2443
1046,gene7657
1047,gene17832
1048,gene15520
1049,gene24529
1050,gene21975
1051,gene23669
1052,gene3692
1053,gene19019
1054,gene2937
1055,gene4252
1056,gene15202
1057,gene16221
1058,gene11704
1059,gene8967
1060,gene5463
1061,gene17817
1062,gene436
1063,gene19567
1064,gene18891
1065,gene1408
1066,gene13364
1067,gene19312
1068,gene6033
1069,gene10931
1070,gene18363
1071,gene21630
1072,gene26759
1073,gene21222
1074,gene6507
1075,gene11980
1076,gene21957
1077,gene2907
1078,gene10454
1079,gene4235
1080,gene18914
1081,gene19023
1082,gene13260
1083,gene24990
1084,gene25423
1085,gene18079
1086,gene19408
1087,gene16504
1088,gene1140
1089,gene16394
1090,gene2131
1091,gene18948
1092,gene10433
1093,gene8301
1094,gene6222
1095,gene6157
1096,gene16975
1097,gene10016
1098,gene4834
1099,gene25291
1100,gene2902
1101,gene7460
1102,gene4971
1103,gene21704
1104,gene17664
1105,gene7083
1106,gene13520
1107,gene18474
1108,gene21974
1109,gene26749
1110,gene8380
1111,gene6867
1112,gene25567
1113,gene25919
1114,gene993
1115,gene19208
1116,gene19571
1117,gene8716
1118,gene10159
1119,gene7063
1120,gene17860
1121,gene557
1122,gene17951
1123,gene11648
1124,gene9400
1125,gene8179
1126,gene21004
1127,gene5754
1128,gene24120
1129,gene20911
1130,gene5260
1131,gene24096
1132,gene364
1133,gene20696
1134,gene22007
1135,gene18531
1136,gene25806
1137,gene9205
1138,gene19656
1139,gene2986
1140,gene23967
1141,gene3702
1142,gene19747
1143,gene19219
1144,gene11990
1145,gene5491
1146,gene2877
1147,gene8999
1148,gene25927
1149,gene25949
1150,gene18198
1151,gene9924
1152,gene21097
1153,gene13428
1154,gene25712
1155,gene5720
1156,gene5400
1157,gene7431
1158,gene10403
1159,gene8423
1160,gene10460
1161,gene20293
1162,gene24192
1163,gene17708
1164,gene4555
1165,gene12067
1166,gene16565
1167,gene18087
1168,gene13920
1169,gene8985
1170,gene21245
1171,gene13325
1172,gene8697
1173,gene25811
1174,gene24354
1175,gene19021
1176,gene17792
1177,gene14887
1178,gene2969
1179,gene24634
1180,gene7127
1181,gene22252
1182,gene844
1183,gene4072
1184,gene4598
1185,gene8473
1186,gene8969
1187,gene19779
1188,gene7611
1189,gene4317
1190,gene23296
1191,gene19748
1192,gene15500
1193,gene6238
1194,gene26484
1195,gene4290
1196,gene8927
1197,gene19848
1198,gene1493
1199,gene20285
1200,gene4438
1201,gene12466
1202,gene7220
1203,gene13002
1204,gene14444
1205,gene24726
1206,gene4614
1207,gene21576
1208,gene5652
1209,gene18544
1210,gene13505
1211,gene8676
1212,gene4502
1213,gene9129
1214,gene18671
1215,gene15118
1216,gene9809
1217,gene17109
1218,gene19562
1219,gene5768
1220,gene17383
1221,gene7370
1222,gene18423
1223,gene11676
1224,gene11046
1225,gene18261
1226,gene11404
1227,gene4309
1228,gene25755
1229,gene3187
1230,gene21446
1231,gene4163
1232,gene6163
1233,gene6669
1234,gene17707
1235,gene10626
1236,gene20982
1237,gene22474
1238,gene7678
1239,gene17378
1240,gene1162
1241,gene220
1242,gene21934
1243,gene4794
1244,gene19638
1245,gene354
1246,gene11507
1247,gene5820
1248,gene5611
1249,gene16625
1250,gene5091
1251,gene744
1252,gene22284
1253,gene17052
1254,gene16169
1255,gene24019
1256,gene6249
1257,gene10773
1258,gene4602
1259,gene6217
1260,gene9039
1261,gene13912
1262,gene8727
1263,gene7694
1264,gene1088
1265,gene5505
1266,gene10547
1267,gene116
1268,gene23415
1269,gene21580
1270,gene5327
1271,gene4175
1272,gene8202
1273,gene3753
1274,gene18862
1275,gene5282
1276,gene20123
1277,gene21405
1278,gene17400
1279,gene6032
1280,gene18958
1281,gene19906
1282,gene20680
1283,gene8918
1284,gene10143
1285,gene17279
1286,gene18674
1287,gene18798
1288,gene16522
1289,gene1389
1290,gene13571
1291,gene7464
1292,gene23520
1293,gene3746
1294,gene3395
1295,gene24156
1296,gene5298
1297,gene9070
1298,gene11392
1299,gene25766
1300,gene12090
1301,gene19033
1302,gene18257
1303,gene10160
1304,gene8680
1305,gene7953
1306,gene3042
1307,gene5444
1308,gene18262
1309,gene2441
1310,gene770
1311,gene21001
1312,gene4644
1313,gene23300
1314,gene22258
1315,gene218
1316,gene18413
1317,gene26382
1318,gene20464
1319,gene17950
1320,gene6235
1321,gene1460
1322,gene3229
1323,gene18755
1324,gene1595
1325,gene18177
1326,gene13692
1327,gene9893
1328,gene21408
1329,gene4606
1330,gene17420
1331,gene14609
1332,gene18370
1333,gene9960
1334,gene12134
1335,gene17347
1336,gene25782
1337,gene26970
1338,gene2880
1339,gene8886
1340,gene26369
1341,gene21551
1342,gene26953
1343,gene6400
1344,gene3665
1345,gene4736
1346,gene18192
1347,gene16972
1348,gene11777
1349,gene25798
1350,gene22525
1351,gene25341
1352,gene12152
1353,gene24734
1354,gene24023
1355,gene22722
1356,gene8131
1357,gene10490
1358,gene16488
1359,gene2801
1360,gene25349
1361,gene23645
1362,gene24756
1363,gene843
1364,gene25685
1365,gene17921
1366,gene11049
1367,gene16137
1368,gene9286
1369,gene18973
1370,gene4094
1371,gene19283
1372,gene21914
1373,gene16570
1374,gene16140
1375,gene413
1376,gene13525
1377,gene18568
1378,gene16657
1379,gene26989
1380,gene18318
1381,gene10404
1382,gene8717
1383,gene17888
1384,gene20444
1385,gene1567
1386,gene3334
1387,gene681
1388,gene25096
1389,gene996
1390,gene1007
1391,gene10705
1392,gene1519
1393,gene14858
1394,gene21924
1395,gene24580
1396,gene22251
1397,gene25132
1398,gene4059
1399,gene27070
1400,gene9695
1401,gene5426
1402,gene15588
1403,gene25215
1404,gene9679
1405,gene26559
1406,gene10447
1407,gene15359
1408,gene9328
1409,gene21735
1410,gene1943
1411,gene15824
1412,gene20689
1413,gene9705
1414,gene12207
1415,gene14875
1,gene7178
2,gene9721
3,gene25720
4,gene4115
5,gene17296
6,gene3259
7,gene19461
8,gene26477
9,gene12763
10,gene13251
11,gene14053
12,gene10851
13,gene20860
14,gene18663
15,gene1257
16,gene17762
17,gene6450
18,gene19325
19,gene19140
20,gene22199
21,gene10613
22,gene8445
23,gene3079
24,gene3191
25,gene25875
26,gene17941
27,gene2307
28,gene22812
29,gene22678
30,gene8851
31,gene7095
32,gene14022
33,gene21141
34,gene50
35,gene12128
36,gene10332
37,gene18270
38,gene15169
39,gene6551
40,gene26741
41,gene17521
42,gene17389
43,gene11841
44,gene12499
45,gene4002
46,gene10799
47,gene11812
48,gene20489
49,gene5600
50,gene16798
51,gene18741
52,gene9369
53,gene10366
54,gene22174
55,gene23540
56,gene15177
57,gene3433
58,gene9722
59,gene552
60,gene12261
61,gene13427
62,gene24672
63,gene4586
64,gene4647
65,gene7417
66,gene25835
67,gene6921
68,gene6802
69,gene5179
70,gene15917
71,gene5151
72,gene19018
73,gene470
74,gene19502
75,gene10927
76,gene15000
77,gene19375
78,gene9456
79,gene2306
80,gene21599
81,gene7122
82,gene1066
83,gene8333
84,gene14942
85,gene15615
86,gene24879
87,gene6056
88,gene10284
89,gene21724
90,gene15430
91,gene25020
92,gene10228
93,gene1742
94,gene19771
95,gene20438
96,gene14591
97,gene1514
98,gene15400
99,gene11077
100,gene5569
1,gene13655
2,gene6122
3,gene14751
4,gene13838
5,gene20482
6,gene21626
7,gene5400
8,gene26626
9,gene8119
10,gene5034
11,gene7784
12,gene1057
13,gene12759
14,gene14613
15,gene9285
16,gene11247
17,gene14866
18,gene18471
19,gene21853
20,gene23352
21,gene3837
22,gene7780
23,gene22728
24,gene13542
25,gene2679
26,gene16559
27,gene9497
28,gene1500
29,gene5792
30,gene16082
31,gene26625
32,gene14427
33,gene6002
34,gene18519
35,gene15529
36,gene5780
37,gene15893
38,gene15798
39,gene2984
40,gene2982
41,gene21228
42,gene400
43,gene18699
44,gene9742
45,gene23986
46,gene4736
47,gene6428
48,gene8247
49,gene22516
50,gene22495
51,gene1960
52,gene7386
53,gene20432
54,gene11589
55,gene11058
56,gene2700
57,gene3155
58,gene15823
59,gene17924
60,gene26354
61,gene17771
62,gene419
63,gene18183
64,gene15589
65,gene25715
66,gene20083
67,gene9959
68,gene18435
69,gene20184
70,gene11154
71,gene5396
72,gene25297
73,gene14409
74,gene7145
75,gene9778
76,gene5820
77,gene6121
78,gene16450
79,gene24855
80,gene108
81,gene25711
82,gene15205
83,gene22313
84,gene1990
85,gene6594
86,gene8243
87,gene15296
88,gene568
89,gene2983
90,gene9200
91,gene15721
92,gene8768
93,gene18009
94,gene9328
95,gene18152
96,gene14795
97,gene12379
98,gene725
99,gene8561
100,gene16210
101,gene25844
102,gene21630
103,gene12492
104,gene1954
105,gene296
106,gene17044
107,gene18116
108,gene25723
109,gene25754
110,gene68
111,gene9133
112,gene21851
113,gene13186
114,gene3357
115,gene4502
116,gene10161
117,gene1305
118,gene16715
119,gene10507
120,gene11988
121,gene951
122,gene6992
123,gene14626
124,gene25757
125,gene9253
126,gene26382
127,gene3211
128,gene11794
129,gene1648
130,gene25324
131,gene8334
132,gene1050
133,gene14873
134,gene16299
135,gene18040
136,gene11040
137,gene5918
138,gene4806
139,gene1644
140,gene4780
141,gene21333
142,gene10747
143,gene10015
144,gene6269
145,gene20059
146,gene15746
147,gene3531
148,gene2960
149,gene20040
150,gene6268
151,gene3327
152,gene14764
153,gene21081
154,gene3325
155,gene23695
156,gene21852
157,gene8286
158,gene14619
159,gene1705
160,gene11554
161,gene16019
162,gene8195
163,gene6940
164,gene21234
165,gene8436
166,gene66
167,gene18616
168,gene1959
169,gene25782
170,gene5689
171,gene20396
172,gene22213
173,gene26010
174,gene14735
175,gene19548
176,gene22559
177,gene844
178,gene24451
179,gene5493
180,gene733
181,gene13574
182,gene20153
183,gene6037
184,gene8429
185,gene5207
186,gene11587
187,gene996
188,gene26989
189,gene14395
190,gene25915
191,gene12639
192,gene20403
193,gene18658
194,gene13376
195,gene21777
196,gene441
197,gene375
198,gene25687
199,gene6235
200,gene21896
201,gene24218
202,gene16488
203,gene11169
204,gene7393
205,gene1996
206,gene21093
207,gene12010
208,gene20689
209,gene6374
210,gene6821
211,gene19805
212,gene5753
213,gene16319
214,gene13338
215,gene23745
216,gene537
217,gene25084
218,gene21152
219,gene748
220,gene22835
221,gene23799
222,gene10743
223,gene11280
224,gene18637
225,gene12197
226,gene22668
227,gene466
228,gene2057
229,gene22677
230,gene20123
231,gene22809
232,gene15705
233,gene6744
234,gene413
235,gene6221
236,gene19526
237,gene18554
238,gene4764
239,gene24854
240,gene3655
241,gene19507
242,gene21642
243,gene3017
244,gene20092
245,gene14197
246,gene26368
247,gene6234
248,gene12135
249,gene16215
250,gene12103
251,gene2951
252,gene17047
253,gene17654
254,gene8446
255,gene22450
256,gene1446
257,gene25951
258,gene23296
259,gene6867
260,gene9316
261,gene22470
262,gene3044
263,gene8713
264,gene6318
265,gene12384
266,gene18619
267,gene367
268,gene8160
269,gene6196
270,gene22723
271,gene8628
272,gene3269
273,gene1595
274,gene2950
275,gene5098
276,gene19957
277,gene11649
278,gene27066
279,gene6016
280,gene9286
281,gene15304
282,gene22534
283,gene24355
284,gene4174
285,gene13302
286,gene16402
287,gene3066
288,gene12121
289,gene14792
290,gene1458
291,gene15872
292,gene3736
293,gene15491
294,gene15683
295,gene25977
296,gene17769
297,gene9299
298,gene10557
299,gene5750
300,gene16557
301,gene984
302,gene24480
303,gene21205
304,gene6494
305,gene25714
306,gene1012
307,gene17920
308,gene22293
309,gene3368
310,gene9958
311,gene23529
312,gene18147
313,gene9434
314,gene12866
315,gene15515
316,gene24271
317,gene7057
318,gene7947
319,gene5274
320,gene15243
321,gene6475
322,gene15922
323,gene18423
324,gene3037
325,gene16723
326,gene3229
327,gene26380
328,gene8797
329,gene2954
330,gene21230
331,gene135
332,gene12194
333,gene12174
334,gene16584
335,gene7144
336,gene15521
337,gene18204
338,gene25079
339,gene14434
340,gene8918
341,gene12990
342,gene2878
343,gene6511
344,gene4765
345,gene23021
346,gene3516
347,gene18231
348,gene23415
349,gene11830
350,gene14863
351,gene853
352,gene20309
353,gene13963
354,gene17198
355,gene7068
356,gene3450
357,gene6188
358,gene14781
359,gene490
360,gene1584
361,gene22871
362,gene10017
363,gene1464
364,gene8300
365,gene7100
366,gene24738
367,gene18870
368,gene25019
369,gene11397
370,gene5901
371,gene11158
372,gene21259
373,gene18717
374,gene2113
375,gene7638
376,gene15091
377,gene10087
378,gene20125
379,gene25929
380,gene6681
381,gene17248
382,gene17247
383,gene478
384,gene10302
385,gene1558
386,gene16140
387,gene12766
388,gene24050
389,gene20721
390,gene24775
391,gene13849
392,gene4858
393,gene18487
394,gene19056
395,gene6071
396,gene9230
397,gene21398
398,gene4694
399,gene14274
1,gene26467
2,gene763
3,gene20856
4,gene1777
5,gene16297
6,gene11739
7,gene20457
8,gene16038
1,gene15872
2,gene5792
3,gene21282
4,gene24657
5,gene26626
6,gene354
7,gene6121
8,gene27216
9,gene21190
10,gene11484